TITLE|DATE|DESCRIPTION|LINK
【反腐周记】十九大后“打虎”去库存 李嘉被公诉|2017年11月06日 |广东省委原常委、珠海市委原书记李嘉涉嫌受贿被公诉；十八届中央政治局原委员、重庆市委原书记孙政才和中央纪委驻财政部纪检组原组长莫建成被终止全国人大代表资格|http://china.caixin.com/2017-11-06/101166249.html
【反腐周记】大会前“打虎”去“库存” 吴爱英何挺受处分|2017年10月16日 |吴爱英严重违纪被开除党籍，夏崇源、何挺、沐华平被降级，刘生杰被撤中央纪委委员|http://china.caixin.com/2017-10-16/101156645.html
【反腐周记】长假前一周现打虎小高潮 六高官案再有新进展|2017年10月02日 |十八届中央政治局“首虎”孙政才被“双开”；黄兴国获刑12年；莫建成去职全国人大代表；王三运、项俊波、刘善桥立案侦查|http://china.caixin.com/2017-10-02/101153020.html
【反腐周记】十八届中央委员会再有三名成员被“双开”|2017年09月25日 |分别是十八届中央委员、甘肃省委原书记王三运，十八届中央委员、中国保监会原主席项俊波和十八届中央候补委员、中央纪委驻财政部纪检组原组长莫建成；此外湖北省政协原副主席刘善桥也在上周被“双开”|http://china.caixin.com/2017-09-25/101150002.html
【反腐周记】正部级高官李刚涉嫌严重违纪 此前去职国侨办副主任|2017年09月04日 |卸任国侨办副主任十天后李刚被证实落马，与江苏高院原院长许前飞、甘肃省委原书记王三运同日去职全国人大代表；证监会原副主席姚刚被立案侦查|http://china.caixin.com/2017-09-04/101140059.html
【反腐周记】排名第一的中央候补委员莫建成落马|2017年08月28日 |莫建成被查；王素毅确认获减刑；魏民洲被批捕|http://china.caixin.com/2017-08-28/101136862.html
【反腐周记】涉嫌受贿4000万 黄兴国过堂|2017年08月14日 |黄兴国受审；魏民洲被检方立案侦查|http://china.caixin.com/2017-08-14/101129980.html
【反腐周记】涉大是大非问题 杨焕宁被降级|2017年08月08日 |杨焕宁被降级；杨家才、张化为、魏民洲被开除党籍；王珉、吴天君、姚中民领刑|http://china.caixin.com/2017-08-08/101127441.html
【反腐周记】十八届中央政治局委员孙政才被查|2017年07月31日 |孙政才落马；许前飞被降级；任润厚被追赃|http://china.caixin.com/2017-07-31/101124379.html
【反腐周记】破坏资本市场秩序 姚刚张育军被“双开”|2017年07月24日 |姚刚、张育军被“双开”；王珉、吴天君、姚中民过堂；黄兴国被公诉；苏树林、王银成、杨崇勇、周春雨、蔡希有被检方立案侦查|http://china.caixin.com/2017-07-24/101121118.html
【反腐周记】王三运被查 十八届落马中委增至15人 |2017年07月17日 |王三运、周化辰落马；王宏江被降级|http://china.caixin.com/2017-07-17/101116962.html
吉林第二“虎”被查 通报方式不寻常|2017年07月12日 |官媒披露吉林省人大常委会原副主任周化辰涉嫌严重违法违纪，省委常委专题民主生活会提到上述内容|http://china.caixin.com/2017-07-12/101114557.html
【反腐周记】五“虎”被“双开” 均对抗组织审查|2017年07月11日 |张喜武被降级；苏树林、杨崇勇、周春雨、王银成、蔡希有被“双开”；王珉、吴天君、姚中民被公诉|http://china.caixin.com/2017-07-11/101114082.html
“最年轻省级统战部长”王宏江被行政撤职|2017年07月10日 |今年5月悄然卸任天津市委常委；中央纪委通报其“在组织进行谈话函询时不如实向组织说明问题”，“违规决策使用财政资金”，“送给他人礼品”|http://china.caixin.com/2017-07-10/101113262.html
【反腐周记】原二炮副司令员王久荣涉嫌违纪违法|2017年07月03日 |王久荣涉嫌违纪违法去职全国人大代表 湖北省政协副主席刘善桥被查|http://china.caixin.com/2017-07-03/101109217.html
【反腐周记】病亡也要吐赃 任润厚被追赃千万元|2017年06月26日 |检方申请没收山西原副省长任润厚违法所得1400万余元；中央纪委驻民政部原纪检组长曲淑辉遭“断崖式降职”|http://china.caixin.com/2017-06-26/101105528.html
【反腐周记】一日判“八虎”创纪录|2017年06月05日 |卢子跃、王保安、陈雪枫、刘志庚、李成云、王阳、常小兵、邓崎琳、宋林获刑，其中四人获无期徒刑，三人贪腐过亿元；孙怀山、虞海燕被“双开”；陈旭、卢恩光被立案侦查|http://china.caixin.com/2017-06-05/101098108.html
【反腐周记】端午节前打虎小高潮 赵黎平伏法|2017年05月31日 |魏民洲、杨家才落马；刘新齐、陈旭、卢恩光被开除党籍；武长顺被判死缓不得减刑假释|http://china.caixin.com/2017-05-31/101096131.html
【反腐周记】110万贿选省委常委 辽原政法委书记苏宏章获刑14年|2017年05月22日 |苏宏章犯受贿罪和行贿罪，赵少麟犯单位行贿罪和骗购外汇罪，分别获刑14年、四年|http://china.caixin.com/2017-05-22/101093340.html
【反腐周记】受贿挪用公款皆过亿 毛小兵获刑无期|2017年05月15日 |李文科被“双开”；毛小兵、郑玉焯分别被判无期徒刑、有期徒刑三年半；王保安过堂；陈树隆被立案侦查|http://china.caixin.com/2017-05-15/101090402.html
【反腐周记】中共十八大后 13高官被判无期|2017年05月08日 |陈树隆被双开；杨振超、杨鲁豫获刑；李成云受审|http://china.caixin.com/2017-05-08/101087492.html
【反腐周记】四“虎”同日获刑 落马高官审判加速|2017年05月02日 |周春雨被查；陈传书被降级；余远辉、白雪山、艾宝俊、司献民获刑；陈雪枫过堂；王保安、李成云被公诉|http://china.caixin.com/2017-05-02/101085394.html
【反腐周记】中央纪委再抓“内鬼” 副部级巡视员落马|2017年04月24日 |张化为被查；潘逸阳、龚清概领刑；张越、王阳、常小兵受审|http://china.caixin.com/2017-04-24/101082115.html
【反腐周记】十八届中央委员会被查成员增至29人|2017年04月17日 |杨崇勇被查；盖如垠获刑14年；卢子跃涉嫌受贿1.47亿余元人民币受审；李云峰被立案侦查|http://china.caixin.com/2017-04-17/101079113.html
【反腐周记】十八届中央委员会被查成员增至28人|2017年04月10日 |项俊波落马；李云峰被双开；谷春立获刑12年；武长顺、白雪山、苏宏章、郑玉焯受审；张越、陈雪枫、王阳被公诉|http://china.caixin.com/2017-04-10/101076179.html
